{"cameraMode":{"drawMode":0,"name":"Shaded","section":"Shading Mode"},"sceneLighting":false,"audioPlay":false,"sceneViewState":{"showFog":true,"showMaterialUpdate":false,"showSkybox":false,"showFlares":true,"showImageEffects":true,"showParticleSystems":true},"in2DMode":false,"pivot":{"x":2.6664209365844728,"y":5.274906158447266,"z":129.9693145751953},"rotation":{"x":0.2762933373451233,"y":-0.6832690238952637,"z":0.3160599172115326,"w":0.5974600315093994},"size":7.666436672210693,"orthographic":false}