{"cameraMode":{"drawMode":0,"name":"Shaded","section":"Shading Mode"},"sceneLighting":false,"audioPlay":false,"sceneViewState":{"showFog":true,"showMaterialUpdate":false,"showSkybox":true,"showFlares":true,"showImageEffects":true,"showParticleSystems":true},"in2DMode":false,"pivot":{"x":288.2037048339844,"y":270.363525390625,"z":79.29559326171875},"rotation":{"x":0.16866843402385713,"y":-0.06592053174972534,"z":0.01084731426090002,"w":0.9835484027862549},"size":247.66183471679688,"orthographic":false}