{"cameraMode":{"drawMode":0,"name":"Shaded","section":"Shading Mode"},"sceneLighting":false,"audioPlay":false,"sceneViewState":{"showFog":true,"showMaterialUpdate":false,"showSkybox":false,"showFlares":true,"showImageEffects":true,"showParticleSystems":true},"in2DMode":false,"pivot":{"x":5.648170471191406,"y":3.6300125122070314,"z":129.01992797851563},"rotation":{"x":-0.34717655181884768,"y":0.6422942876815796,"z":-0.40355610847473147,"w":-0.5515918731689453},"size":188.71627807617188,"orthographic":false}