{"cameraMode":{"drawMode":0,"name":"Shaded","section":"Shading Mode"},"sceneLighting":false,"audioPlay":false,"sceneViewState":{"showFog":true,"showMaterialUpdate":false,"showSkybox":false,"showFlares":true,"showImageEffects":true,"showParticleSystems":true},"in2DMode":false,"pivot":{"x":5.641042232513428,"y":3.6185100078582765,"z":129.0502471923828},"rotation":{"x":0.1173015683889389,"y":-0.8103214502334595,"z":0.17376504838466645,"w":0.5472418069839478},"size":2.498363494873047,"orthographic":false}